{
    "store" : "my_efi_feature_store",
    "name" : "my_efi_model",
    "class" : "org.apache.solr.ltr.model.LinearModel",
    "features" : [
		{ "name" : "original_score" },
		{ "name" : "maximize_rating" },
		{ "name" : "maximize_average_rating" },
		{ "name" : "maximize_recommendation_number" },
		{ "name": "description_bm25"}
    ],
    "params" : {
      "weights" : {
        "original_score" : 1.0,
        "maximize_rating": 0.0,
		"maximize_average_rating": 0.0,
        "maximize_recommendation_number": 0.0,
		"description_bm25": 0.0
      }
    }
  }