[
    {
        "store" : "my_efi_feature_store",
        "name" : "maximize_rating",
        "class" : "org.apache.solr.ltr.feature.SolrFeature",
        "params" : { "q" : "{!func}scale(rating_count, 0, 1)" }
    },
	{
        "store" : "my_efi_feature_store",
        "name" : "maximize_average_rating",
        "class" : "org.apache.solr.ltr.feature.SolrFeature",
        "params" : { "q" : "{!func}scale(average_rating, 0, 1)" }
    },
    {
        "store" : "my_efi_feature_store",
        "name" : "maximize_recommendation_number",
        "class" : "org.apache.solr.ltr.feature.SolrFeature",
        "params" : { "q" : "{!func}scale(times_recommended, 0, 1)" }
    },
	{
      "store" : "my_efi_feature_store",
      "name" : "description_bm25",
      "class" : "org.apache.solr.ltr.feature.SolrFeature",
      "params" : { "q" : "{!dismax qf='description'}${text}" }
    },
    {
        "store" : "my_efi_feature_store",
        "name" : "original_score",
        "class" : "org.apache.solr.ltr.feature.OriginalScoreFeature",
        "params" : {}
    }
]