{
    "add-field-type": [
        {
            "name":"nlp_text",
            "class":"solr.TextField",
            "analyzer":{
                "tokenizer":{
                    "class":"solr.OpenNLPTokenizerFactory", "sentenceModel": "en-sent.bin", "tokenizerModel": "en-token.bin"
                },
                "filters":[
                    {
                        "class": "solr.OpenNLPPOSFilterFactory",
                        "posTaggerModel": "en-pos-maxent.bin"
                    },
                    {
                        "class": "solr.OpenNLPChunkerFilterFactory",
                        "chunkerModel": "en-chunker.bin"
                    },
                    {
                        "class": "solr.TypeAsPayloadFilterFactory"
                    },
					{	"class":"solr.ASCIIFoldingFilterFactory",
						"preserveOriginal":"true"
					},
                    {	"class":"solr.LowerCaseFilterFactory"},
					{	"class":"solr.SynonymGraphFilterFactory",
						"synonyms":"synonyms.txt",
						"ignoreCase":"true",
						"expand":"false"
					},
                    {	
						"class":"solr.EnglishPossessiveFilterFactory"
					},
                    {	
						"class":"solr.EnglishMinimalStemFilterFactory"
					}
                ]
            }
        },
        {
            "name":"ner_text",
            "class":"solr.TextField",
            "analyzer":{
                "tokenizer":{
                    "class":"solr.OpenNLPTokenizerFactory", "sentenceModel": "en-sent.bin", "tokenizerModel": "en-token.bin"
                },
                "filters":[
                    {
                        "class": "solr.OpenNLPPOSFilterFactory",
                        "posTaggerModel": "en-pos-maxent.bin"
                    },
                    {
                        "class": "solr.OpenNLPChunkerFilterFactory",
                        "chunkerModel": "en-chunker.bin"
                    },
                    {
                        "class": "solr.TypeAsPayloadFilterFactory"
                    }
                ]
            }
        },
        {
            "name":"standard_text",
            "class":"solr.TextField",
            "indexAnalyzer":{
                "tokenizer":{
                    "class":"solr.StandardTokenizerFactory"
                },
                "filters":[
                    {"class":"solr.ASCIIFoldingFilterFactory", "preserveOriginal":true},
                    {"class":"solr.LowerCaseFilterFactory"},
					{"class":"solr.SynonymGraphFilterFactory", "synonyms":"synonyms.txt", "ignoreCase":"true", "expand":"false"},
                    {"class":"solr.EnglishPossessiveFilterFactory"},
                    {"class":"solr.EnglishMinimalStemFilterFactory"}
                ]
            },
            "queryAnalyzer":{
                "tokenizer":{
                    "class":"solr.StandardTokenizerFactory"
                },
                "filters":[
                    {"class":"solr.ASCIIFoldingFilterFactory", "preserveOriginal":true},
                    {"class":"solr.LowerCaseFilterFactory"},
					{"class":"solr.SynonymGraphFilterFactory", "synonyms":"synonyms.txt", "ignoreCase":"true", "expand":"false"},
                    {"class":"solr.EnglishPossessiveFilterFactory"},
                    {"class":"solr.EnglishMinimalStemFilterFactory"}
                ]
            }
        }
    ],

    "add-field": [
        {
            "name": "title",
            "type": "nlp_text",
            "indexed": true,
			"stored": true
        },
        {
            "name": "link",
            "type": "string",
            "indexed": false,
			"stored": true
        },
        {
            "name": "series",
            "type": "standard_text",
            "indexed": true,
			"stored": true
        },
        {
            "name": "cover_link",
            "type": "string",
            "indexed": false,
			"stored": true
        },
        {
            "name": "author",
            "type": "standard_text",
            "indexed": true,
			"stored": true
        },
        {
            "name": "author_link",
            "type": "string",
            "indexed": false,
			"stored": true
        },
        {
            "name": "rating_count",
            "type": "pint",
            "indexed": false,
			"stored": true
        },
        {
            "name": "average_rating",
            "type": "pfloat",
            "indexed": false,
			"stored": true
        },
        {
            "name": "five_star_ratings",
            "type": "pint",
            "indexed": false,
			"stored": true
        },
        {
            "name": "four_star_ratings",
            "type": "pint",
            "indexed": false,
			"stored": true
        },
        {
            "name": "three_star_ratings",
            "type": "pint",
            "indexed": false,
			"stored": true
        },
        {
            "name": "two_star_ratings",
            "type": "pint",
            "indexed": false,
			"stored": true
        },
        {
            "name": "one_star_ratings",
            "type": "pint",
            "indexed": false,
			"stored": true
        },
        {
            "name": "number_of_pages",
            "type": "pint",
            "indexed": true,
			"stored": true
        },
        {
            "name": "date_published",
            "type": "standard_text",
            "indexed": true,
			"stored": true
        },
        {
            "name": "publisher",
            "type": "standard_text",
            "indexed": true,
			"stored": true
        },
        {
            "name": "original_title",
            "type": "standard_text",
            "indexed": true,
			"stored": true
        },
        {
            "name": "genre_and_votes",
            "type": "standard_text",
            "indexed": true,
			"stored": true
        },
        {
            "name": "isbn",
            "type": "string",
            "indexed": true,
			"stored": true
        },
        {
            "name": "isbn13",
            "type": "string",
            "indexed": true,
			"stored": true
        },
        {
            "name": "settings",
            "type": "standard_text",
            "indexed": true,
			"stored": true
        },
        {
            "name": "characters",
            "type": "standard_text",
            "indexed": true,
			"stored": true
        },
        {
            "name": "awards",
            "type": "standard_text",
            "indexed": true,
			"stored": true
        },
        {
            "name": "amazon_redirect_link",
            "type": "string",
            "indexed": false,
			"stored": true
        },
        {
            "name": "worldcat_redirect_link",
            "type": "string",
            "indexed": false,
			"stored": true
        },
        {
            "name": "recommended_books",
            "type": "standard_text",
            "indexed": true,
			"stored": true
        },
        {
            "name": "books_in_series",
            "type": "standard_text",
            "indexed": true,
			"stored": true
        },
        {
            "name": "description",
            "type": "nlp_text",
            "indexed": true,
			"stored": true
        },
        {
            "name": "times_recommended",
            "type": "pint",
            "indexed": true,
			"stored": true

        },
        {
            "name": "ner_person_field",
            "type": "standard_text",
            "indexed": true,
			"multiValued": true
        },
        {
            "name": "ner_location_field",
            "type": "standard_text",
            "indexed": true,
			"multiValued": true
        },
		        {
            "name": "ner_date_field",
            "type": "standard_text",
            "indexed": true,
			"multiValued": true
        },
		{
			"name": "reviews",
			"type": "standard_text",
			"indexed": true,
			"stored": true,
			"multiValued": true
		}
		
    ]
}
